{
  "0": {
    "end_frame": 3013,
    "event_type": "hand_interacts_with_person",
    "identity": 41844,
    "objects": {},
    "start_frame": 2938,
    "trajectory": {
      "2953": [
        1675.3333333333333,
        604.0,
        1847.3333333333333,
        1010.0
      ]
    }
  }
}