{
  "0": {
    "end_frame": 8995,
    "event_type": "person_opens_facility_door",
    "identity": 17264,
    "objects": {},
    "start_frame": 8945,
    "trajectory": {
      "8960": [
        992.0,
        185.33333333333334,
        1162.6666666666667,
        380.0
      ]
    }
  }
}