{
  "0": {
    "end_frame": 6663,
    "event_type": "person_enters_scene_through_structure",
    "identity": 42534,
    "objects": {},
    "start_frame": 6588,
    "trajectory": {
      "6663": [
        1394.6666666666667,
        641.3333333333334,
        1614.0,
        1043.3333333333333
      ]
    }
  }
}