{
  "0": {
    "end_frame": 62,
    "event_type": "vehicle_starts",
    "identity": 21644,
    "objects": {},
    "start_frame": 12,
    "trajectory": {
      "12": [
        1618.0,
        760.0,
        1696.5,
        848.0
      ],
      "17": [
        1617.5,
        761.5,
        1695.5,
        862.0
      ],
      "22": [
        1616.8,
        757.6,
        1686.0,
        864.4
      ],
      "27": [
        1612.8,
        768.8,
        1700.8,
        878.0
      ],
      "32": [
        1611.5,
        761.0,
        1703.0,
        860.0
      ],
      "37": [
        1612.0,
        763.0,
        1697.0,
        845.0
      ],
      "42": [
        1608.5,
        759.0,
        1689.0,
        851.0
      ],
      "47": [
        1624.6666666666667,
        761.3333333333334,
        1708.0,
        853.3333333333334
      ],
      "52": [
        1612.0,
        762.5,
        1695.5,
        856.0
      ],
      "57": [
        1604.0,
        744.0,
        1681.0,
        864.0
      ],
      "62": [
        1622.0,
        755.3333333333334,
        1703.3333333333333,
        861.3333333333334
      ]
    }
  }
}