{
  "0": {
    "end_frame": 6841,
    "event_type": "person_enters_scene_through_structure",
    "identity": 14715,
    "objects": {},
    "start_frame": 6806,
    "trajectory": {
      "6811": [
        866.0,
        337.3333333333333,
        928.0,
        429.3333333333333
      ]
    }
  }
}