{
  "0": {
    "end_frame": 2308,
    "event_type": "vehicle_stops",
    "identity": 40138,
    "objects": {},
    "start_frame": 2083,
    "trajectory": {
      "2128": [
        77.33333333333333,
        10.0,
        144.66666666666666,
        33.333333333333336
      ]
    }
  }
}