{
  "0": {
    "end_frame": 5584,
    "event_type": "vehicle_turns_right",
    "identity": 41938,
    "objects": {},
    "start_frame": 5509,
    "trajectory": {
      "5569": [
        0.6666666666666666,
        11.333333333333334,
        84.0,
        68.0
      ],
      "5584": [
        9.0,
        0.0,
        152.0,
        56.0
      ]
    }
  }
}