{
  "0": {
    "end_frame": 40,
    "event_type": "person_sits_down",
    "identity": 7925,
    "objects": {},
    "start_frame": 0,
    "trajectory": {
      "10": [
        296.0,
        340.0,
        483.3333333333333,
        564.6666666666666
      ],
      "15": [
        281.3333333333333,
        325.3333333333333,
        471.3333333333333,
        582.6666666666666
      ],
      "20": [
        288.0,
        345.3333333333333,
        455.3333333333333,
        576.6666666666666
      ],
      "25": [
        281.3333333333333,
        320.0,
        452.6666666666667,
        568.6666666666666
      ],
      "30": [
        262.6666666666667,
        346.0,
        460.6666666666667,
        569.3333333333334
      ],
      "35": [
        252.0,
        325.3333333333333,
        442.0,
        568.6666666666666
      ],
      "40": [
        241.5,
        341.5,
        441.0,
        566.5
      ],
      "5": [
        320.6666666666667,
        316.6666666666667,
        486.0,
        558.6666666666666
      ]
    }
  },
  "1": {
    "end_frame": 72,
    "event_type": "person_sits_down",
    "identity": 7926,
    "objects": {},
    "start_frame": 22,
    "trajectory": {
      "22": [
        286.0,
        306.0,
        476.6666666666667,
        569.3333333333334
      ],
      "27": [
        263.3333333333333,
        308.6666666666667,
        464.0,
        563.3333333333334
      ],
      "32": [
        240.66666666666666,
        324.0,
        442.6666666666667,
        564.6666666666666
      ],
      "37": [
        235.33333333333334,
        332.0,
        446.0,
        562.0
      ],
      "42": [
        221.33333333333334,
        340.6666666666667,
        454.0,
        562.0
      ],
      "47": [
        222.66666666666666,
        337.3333333333333,
        451.3333333333333,
        563.3333333333334
      ],
      "52": [
        235.33333333333334,
        336.0,
        434.0,
        567.3333333333334
      ],
      "57": [
        242.66666666666666,
        324.0,
        429.3333333333333,
        570.0
      ],
      "62": [
        244.66666666666666,
        318.0,
        434.0,
        578.0
      ],
      "67": [
        251.33333333333334,
        323.3333333333333,
        440.0,
        573.3333333333334
      ],
      "72": [
        260.0,
        323.3333333333333,
        441.3333333333333,
        577.3333333333334
      ]
    }
  },
  "2": {
    "end_frame": 97,
    "event_type": "person_reads_document",
    "identity": 7927,
    "objects": {},
    "start_frame": 52,
    "trajectory": {
      "57": [
        254.5,
        326.5,
        403.5,
        545.5
      ]
    }
  },
  "3": {
    "end_frame": 508,
    "event_type": "person_reads_document",
    "identity": 7928,
    "objects": {},
    "start_frame": 268,
    "trajectory": {
      "313": [
        309.0,
        342.0,
        428.0,
        565.0
      ]
    }
  }
}