{
  "0": {
    "end_frame": 74,
    "event_type": "vehicle_turns_right",
    "identity": 7646,
    "objects": {},
    "start_frame": 24,
    "trajectory": {
      "24": [
        1214.0,
        70.0,
        1287.3333333333333,
        146.66666666666666
      ],
      "29": [
        1210.5,
        68.5,
        1278.0,
        130.0
      ],
      "39": [
        1189.0,
        56.0,
        1278.0,
        141.0
      ],
      "44": [
        1192.6666666666667,
        64.0,
        1278.0,
        139.33333333333334
      ],
      "49": [
        1196.0,
        62.0,
        1274.0,
        132.0
      ],
      "54": [
        1226.0,
        63.0,
        1289.0,
        125.5
      ],
      "59": [
        1211.0,
        65.0,
        1313.0,
        135.0
      ],
      "64": [
        1197.3333333333333,
        68.0,
        1309.3333333333333,
        128.66666666666666
      ],
      "69": [
        1210.6666666666667,
        66.66666666666667,
        1307.3333333333333,
        134.66666666666666
      ],
      "74": [
        1218.0,
        74.66666666666667,
        1312.0,
        139.33333333333334
      ]
    }
  }
}