{
  "0": {
    "end_frame": 64,
    "event_type": "vehicle_drops_off_person",
    "identity": 27509,
    "objects": {},
    "start_frame": 34,
    "trajectory": {
      "34": [
        260.0,
        246.66666666666666,
        322.6666666666667,
        310.6666666666667
      ],
      "39": [
        256.6666666666667,
        243.33333333333334,
        323.3333333333333,
        302.6666666666667
      ],
      "44": [
        262.6666666666667,
        242.66666666666666,
        318.0,
        302.6666666666667
      ],
      "49": [
        256.0,
        245.0,
        324.0,
        300.0
      ],
      "54": [
        258.4,
        244.4,
        339.6,
        304.4
      ],
      "59": [
        271.0,
        245.0,
        324.0,
        298.5
      ],
      "64": [
        258.0,
        241.0,
        327.5,
        306.5
      ]
    }
  }
}