{
  "0": {
    "end_frame": 2038,
    "event_type": "person_opens_facility_door",
    "identity": 41445,
    "objects": {},
    "start_frame": 1963,
    "trajectory": {
      "1978": [
        664.6666666666666,
        190.66666666666666,
        1124.0,
        921.3333333333334
      ]
    }
  }
}