{
  "0": {
    "end_frame": 120,
    "event_type": "vehicle_starts",
    "identity": 23435,
    "objects": {},
    "start_frame": 0,
    "trajectory": {
      "105": [
        622.0,
        214.5,
        726.0,
        268.0
      ],
      "120": [
        636.0,
        221.33333333333334,
        747.0,
        276.0
      ],
      "15": [
        640.6666666666666,
        212.0,
        697.3333333333334,
        256.0
      ],
      "30": [
        636.3333333333333,
        221.66666666666666,
        675.3333333333334,
        253.0
      ],
      "45": [
        628.6666666666666,
        218.66666666666666,
        698.0,
        266.5
      ],
      "60": [
        622.6666666666666,
        218.66666666666666,
        706.0,
        266.6666666666667
      ],
      "75": [
        624.6666666666666,
        219.33333333333334,
        717.3333333333334,
        268.6666666666667
      ],
      "90": [
        686.6666666666666,
        241.33333333333334,
        733.3333333333334,
        270.0
      ]
    }
  }
}